Clade,Taxon,Recon.Method,Recon.BM,Gait,HCFC,HC,FC
Ornithischia,Ankylosaurus magniventris,Polynomial,1719200,quad,678,315,363
Ornithischia,Edmontonia rugosidens,Physical,3472000,quad,446,209,237
Ornithischia,Edmontonia rugosidens,Physical,3070000,quad,446,209,237
Ornithischia,Sauropelta edwardsi,Physical,2100000,quad,573,256,317
Ornithischia,Sauropelta edwardsi,Physical,1990000,quad,573,256,317
Ornithischia,Sauropelta edwardsi,Polynomial,902900,quad,573,256,317
Ornithischia,Scolosaurus cutleri,Slicing,2131000,quad,522,244,278
Ornithischia,Scolosaurus cutleri,Slicing,1966000,quad,522,244,278
Ornithischia,Scolosaurus cutleri,Physical,2300000,quad,522,244,278
Ornithischia,Scolosaurus cutleri,Polynomial,2675900,quad,522,244,278
Ornithischia,Montanoceratops cerorhynchus,Physical,170000,quad,208.8,86.3,122.5
Ornithischia,Pachycephalosaurus wyomingensis,Physical,450000,bip,,,189
Ornithischia,Pentaceratops sternbergii,Polynomial,4846000,quad,912,400.5,511.5
Ornithischia,Protoceratops andrewsi,Physical,177000,quad,155,62,93
Ornithischia,Protoceratops andrewsi,Physical,164000,quad,155,62,93
Ornithischia,Protoceratops andrewsi,Polynomial,23700,quad,155,62,93
Ornithischia,Psittacosaurus mongoliensis,Physical,14000,bip,,,57
Ornithischia,Psittacosaurus mongoliensis,Polynomial,12100,bip,,,57
Ornithischia,Psittacosaurus neimongoliensis,Slicing,20300,bip,,,57
Ornithischia,Styracosaurus albertensis,Physical,4100000,quad,645,280,365
Ornithischia,Styracosaurus albertensis,Physical,3686000,quad,645,280,365
Ornithischia,Styracosaurus albertensis,Physical,1800000,quad,645,280,365
Ornithischia,Triceratops,Physical,9400000,quad,930,410,520
Ornithischia,Triceratops,Physical,8478000,quad,930,410,520
Ornithischia,Triceratops horridus,Slicing,3938000,quad,781,345,436
Ornithischia,Triceratops horridus,Polynomial,4964000,quad,781,345,436
Ornithischia,Triceratops prorsus,Physical,6100000,quad,781,345,436
Ornithischia,Triceratops prorsus,Physical,6400000,quad,781,345,436
Ornithischia,Camptosaurus dispar,Physical,383000,quad,389,114,275
Ornithischia,Camptosaurus dispar,Physical,513000,quad,389,114,275
Ornithischia,Camptosaurus prestwichii,Polynomial,268400,quad,389,114,275
Ornithischia,Corythosaurus casuarius,Physical,3820000,quad,602.5,237.5,365
Ornithischia,Corythosaurus casuarius,Physical,2800000,quad,602.5,237.5,365
Ornithischia,Corythosaurus casuarius,Polynomial,3078500,quad,602.5,237.5,365
Ornithischia,Dryosaurus altus,Polynomial,104300,bip,,,133
Ornithischia,Edmontosaurus annectens,Polynomial,3990800,quad,727,267,460
Ornithischia,Gasparinisaura cincosaltensis,Physical,13000,bip,,,55
Ornithischia,Gasparinisaura cincosaltensis,Polynomial,980,bip,,,55
Ornithischia,Hypsilophodon foxii,Physical,21000,bip,,,74
Ornithischia,Rhabdodon priscum,Physical,108000,quad,208,83,125
Ornithischia,Saurolophus angustirostris,Physical,3280000,quad,764,255,509
Ornithischia,Shantugosaurus giganteus,Physical,13000000,quad,1084,404,680
Ornithischia,Shantugosaurus giganteus,Physical,9900000,quad,1084,404,680
Ornithischia,Tsintaosaurus spinorhinus,Physical,2500000,quad,675,250,425
Ornithischia,Anchisaurus sinensis,Polynomial,84000,bip,,,70
Ornithischia,Scelidosaurus harrisonii,Polynomial,64500,bip,,,174
Ornithischia,Stegosaurus,Physical,2000000,quad,745,355,390
Ornithischia,Stegosaurus,Physical,1777000,quad,745,355,390
Ornithischia,Stegosaurus armatus,Slicing,2704000,quad,822,377,445
Ornithischia,Stegosaurus armatus,Slicing,1821000,quad,822,377,445
Ornithischia,Stegosaurus armatus,Physical,2200000,quad,822,377,445
Ornithischia,Stegosaurus stenops,Slicing,2530000,quad,822,377,445
Ornithischia,Stegosaurus stenops,Polynomial,2610600,quad,822,377,445
Ornithischia,Stegosaurus ungulatus,Physical,3100000,quad,745,355,390
Sauropodomorpha,Europasaurus holgeri,Physical,760000,quad,390,190,200
Sauropodomorpha,Apatosaurinae indet.,Physical,33500000,quad,1310,580,730
Sauropodomorpha,Apatosaurinae indet.,Physical,27869000,quad,1310,580,730
Sauropodomorpha,Apatosaurinae indet.,Physical,32418000,quad,1310,580,730
Sauropodomorpha,Apatosaurinae indet.,Physical,34200000,quad,1310,580,730
Sauropodomorpha,Diplodocus carnegiei,Physical,18500000,quad,989,443,546
Sauropodomorpha,Diplodocus carnegiei,Physical,11700000,quad,989,443,546
Sauropodomorpha,Diplodocus carnegiei,Physical,15200000,quad,989,443,546
Sauropodomorpha,Diplodocus carnegiei,Physical,10562000,quad,989,443,546
Sauropodomorpha,Diplodocus carnegiei,Photogrammetry,32440000,quad,989,443,546
Sauropodomorpha,Diplodocus carnegiei,Slicing,13421000,quad,989,443,546
Sauropodomorpha,Diplodocus carnegiei,Slicing,12099000,quad,989,443,546
Sauropodomorpha,Diplodocus carnegiei,Physical,16000000,quad,989,443,546
Sauropodomorpha,Diplodocus carnegiei,Physical,11400000,quad,989,443,546
Sauropodomorpha,Diplodocus carnegiei,Polynomial,19654600,quad,989,443,546
Sauropodomorpha,Camarasaurus lentus,MCH,9779780,quad,1102,472,630
Sauropodomorpha,Camarasaurus lentus,MCH,12410960,quad,1102,472,630
Sauropodomorpha,Camarasaurus lentus,MCH,17853850,quad,1102,472,630
Sauropodomorpha,Camarasaurus lewisi,Polynomial,11652200,quad,1102,472,630
Sauropodomorpha,Camarasaurus sp.,Physical,23000000,quad,1102,472,630
Sauropodomorpha,Camarasaurus supremus,Physical,8800000,quad,1102,472,630
Sauropodomorpha,Mamenchisaurus hochuanensis,MCH,9542738,quad,1089,509,580
Sauropodomorpha,Mamenchisaurus hochuanensis,MCH,12056901,quad,1089,509,580
Sauropodomorpha,Mamenchisaurus hochuanensis,MCH,17123730,quad,1089,509,580
Sauropodomorpha,Mamenchisaurus hochuanensis,Physical,14300000,quad,1089,509,580
Sauropodomorpha,Mamenchisaurus hochuanensis,Physical,15100000,quad,1089,509,580
Sauropodomorpha,Mamenchisaurus hochuanensis,Polynomial,18169700,quad,1089,509,580
Sauropodomorpha,Lufengosaurus huenei,MCH,1213060,bip,,,365
Sauropodomorpha,Lufengosaurus huenei,MCH,1496860,bip,,,365
Sauropodomorpha,Lufengosaurus huenei,MCH,2068910,bip,,,365
Sauropodomorpha,Lufengosaurus huenei,Physical,1650000,bip,,,365
Sauropodomorpha,Lufengosaurus huenei,Polynomial,1193300,bip,,,365
Sauropodomorpha,Plateosaurus engelhardti,Scan,1020000,bip,,,205
Sauropodomorpha,Plateosaurus engelhardti,Scan,484000,bip,,,205
Sauropodomorpha,Plateosaurus engelhardti,Scan,753000,bip,,,205
Sauropodomorpha,Plateosaurus engelhardti,MCH,389200,bip,,,205
Sauropodomorpha,Plateosaurus engelhardti,MCH,494330,bip,,,205
Sauropodomorpha,Plateosaurus engelhardti,MCH,714170,bip,,,205
Sauropodomorpha,Plateosaurus engelhardti,Scan,630000,bip,,,205
Sauropodomorpha,Plateosaurus engelhardti,Scan,912000,bip,,,205
Sauropodomorpha,Plateosaurus engelhardti,Scan,660240,bip,,,205
Sauropodomorpha,Plateosaurus engelhardti,Scan,692640,bip,,,205
Sauropodomorpha,Plateosaurus engelhardti,Scan,782070,bip,,,205
Sauropodomorpha,Plateosaurus engelhardti,Scan,749340,bip,,,205
Sauropodomorpha,Plateosaurus engelhardti,Scan,837500,bip,,,205
Sauropodomorpha,Plateosaurus engelhardti,Polynomial,1072600,bip,376,139.5,236.5
Sauropodomorpha,Riojasaurus incertus,Polynomial,3038700,bip,514,229,285
Sauropodomorpha,Patagotitan mayorum,MCH,44210000,quad,1792,782,1010
Sauropodomorpha,Patagotitan mayorum,MCH,54957000,quad,1792,782,1010
Sauropodomorpha,Patagotitan mayorum,MCH,77570000,quad,1792,782,1010
Sauropodomorpha,Saltasaurus loricatus,Physical,2480000,quad,726,341,385
Theropoda,Allosaurus fragilis,Physical,2300000,bip,,,355
Theropoda,Allosaurus fragilis,Scan,1340000,bip,,,275
Theropoda,Allosaurus fragilis,Scan,1880000,bip,,,275
Theropoda,Allosaurus fragilis,Scan,895000,bip,,,275
Theropoda,Allosaurus fragilis,Physical,1620000,bip,,,355
Theropoda,Allosaurus fragilis,Physical,2087000,bip,,,355
Theropoda,Allosaurus fragilis,Photogrammetry,3300000,bip,,,355
Theropoda,Allosaurus fragilis,Slicing,1092000,bip,,,305
Theropoda,Allosaurus fragilis,Slicing,984000,bip,,,305
Theropoda,Allosaurus fragilis,Slicing,963000,bip,,,338
Theropoda,Allosaurus fragilis,Physical,1320000,bip,,,338
Theropoda,Allosaurus fragilis,Physical,1010000,bip,,,338
Theropoda,Allosaurus fragilis,Polynomial,952000,bip,,,338
Theropoda,Allosaurus fragilis,Slicing,1512100,bip,,,338
Theropoda,Allosaurus fragilis,Slicing,1683330,bip,,,338
Theropoda,Sinraptor dongi,Physical,1700000,bip,,,283
Theropoda,Elaphrosaurus bambergi,Physical,210000,bip,,,167
Theropoda,Masiakasaurus knopfleri,Physical,11000,bip,,,36
Theropoda,Coelophysis bauri,Physical,19900,bip,,,49
Theropoda,Coelophysis bauri,Physical,17800,bip,,,49
Theropoda,Ornitholestes hermanni,Physical,16500,bip,,,71
Theropoda,Deinonychus antirrhopus,Physical,73000,bip,,,116
Theropoda,Deinonychus antirrhopus,Physical,73000,bip,,,116
Theropoda,Deinonychus antirrhopus,Polynomial,44300,bip,,,116
Theropoda,Deinonychus antirrhopus,Slicing,56670,bip,,,116
Theropoda,Dromiceiomimus brevitertius,Physical,160000,bip,,,127.5
Theropoda,Dromiceiomimus brevitertius,Physical,144000,bip,,,127.5
Theropoda,Falcarius utahensis,Physical,100000,bip,,,110
Theropoda,Microvenator celer,Physical,4500,bip,,,37.5
Theropoda,Struthiomimus sedens,Scan,568000,bip,,,145
Theropoda,Struthiomimus sedens,Scan,741000,bip,,,145
Theropoda,Struthiomimus sedens,Scan,394000,bip,,,145
Theropoda,Struthiomimus sedens,Scan,422647,bip,,,145
Theropoda,Struthiomimus sedens,Scan,524139,bip,,,145
Theropoda,Struthiomimus sedens,Scan,465829,bip,,,145
Theropoda,Struthiomimus sedens,Scan,381444,bip,,,145
Theropoda,Velociraptor mongoliensis,Scan,18300,bip,,,62
Theropoda,Velociraptor mongoliensis,Scan,9890,bip,,,62
Theropoda,Velociraptor mongoliensis,Scan,14100,bip,,,62
Theropoda,Velociraptor mongoliensis,Physical,15000,bip,,,62
Theropoda,Herrerasaurus ischigualastensis,Physical,145000,bip,,,165.5
Theropoda,Herrerasaurus ischigualastensis,Slicing,643300,bip,,,165.5
Theropoda,Herrerasaurus ischigualastensis,Polynomial,347800,bip,,,165.5
Theropoda,Daspletosaurus torosus,Slicing,3084800,bip,,,390
Theropoda,Tyrannosaurus rex,Physical,7700000,bip,,,534
Theropoda,Tyrannosaurus rex,Physical,6300000,bip,,,534
Theropoda,Tyrannosaurus rex,Physical,6250000,bip,,,534
Theropoda,Tyrannosaurus rex,Physical,6895000,bip,,,534
Ornithischia,Ankylosaurus magniventris,Physical,3900000,quad,678,315,363
Ornithischia,Gastonia burgei,Physical,1850000,quad,435,177,258
Ornithischia,Saichania ,Polynomial,1417200,quad,321,155,166
Ornithischia,Centrosaurus apertus,Physical,1400000,quad,535,249,286
Ornithischia,Centrosaurus apertus,Polynomial,1079700,quad,535,249,286
Ornithischia,Chasmosaurus belli,Slicing,1595000,quad,656,293,363
Ornithischia,Chasmosaurus belli,Physical,2060000,quad,656,293,363
Ornithischia,Chasmosaurus russelli,Slicing,927000,quad,605,270,335
Ornithischia,Chasmosaurus russelli,Physical,1500000,quad,605,270,335
Ornithischia,Chasmosaurus russelli,Polynomial,1658700,quad,605,270,335
Ornithischia,Homalocephale calathocercos,Physical,36000,bip,,,83
Ornithischia,Homalocephale calathocercos,Polynomial,73700,bip,,,83
Ornithischia,Leptoceratops gracilis,Physical,93000,quad,202,87,115
Ornithischia,Pentaceratops sternbergii,Physical,4700000,quad,912,400.5,511.5
Ornithischia,Psittacosaurus neimongoliensis,Slicing,8000,bip,,,47.8
Ornithischia,Psittacosaurus neimongoliensis,Physical,7900,bip,,,47.8
Ornithischia,Stegoceras validum,Polynomial,26700,bip,,,68
Ornithischia,Fruitadens haagarorum,Slicing,740,bip,,,19.6
Ornithischia,Laosaurus consors,Physical,31000,bip,,,92.5
Ornithischia,Lesothosaurus diagnosticus,Physical,2400,bip,,,43
Ornithischia,Lesothosaurus diagnosticus,Scan,5000,bip,,,43
Ornithischia,Scelidosaurus harrisonii,Slicing,323000,bip,,,174
Ornithischia,Scelidosaurus harrisonii,Slicing,114000,bip,,,174
Ornithischia,Bactrosaurus johnsoni,Physical,1200000,quad,475,136,339
Ornithischia,Bactrosaurus johnsoni,Polynomial,1588900,quad,475,136,339
Ornithischia,Brachylophosaurus canadensis,Physical,4150000,quad,661,221,440
Ornithischia,Camptosaurus dispar,Physical,474000,quad,424,138,286
Ornithischia,Corythosaurus intermedius,Physical,2510000,quad,602.5,237.5,365
Ornithischia,Dryosaurus altus,Physical,103000,bip,,,133
Ornithischia,Dysalotosaurus lettowvorbecki,Physical,79000,bip,,,120.5
Ornithischia,Edmontosaurus annectens,Physical,3400000,quad,762.8,250.5,512.3
Ornithischia,Edmontosaurus annectens,Physical,3071000,quad,762.8,250.5,512.3
Ornithischia,Edmontosaurus annectens,Physical,3200000,quad,762.8,250.5,512.3
Ornithischia,Edmontosaurus annectens,Polynomial,7594400,quad,762.8,250.5,512.3
Ornithischia,Edmontosaurus regalis,Slicing,4994000,quad,771,291,480
Ornithischia,Edmontosaurus regalis,Physical,2900000,quad,470,235,235
Ornithischia,Edmontosaurus regalis,Physical,3670000,quad,771,291,480
Ornithischia,Hypacrosaurus altispinus,Physical,2640000,quad,617,222,395
Ornithischia,Hypsilophodon foxii,Slicing,15600,bip,,,55
Ornithischia,Hypsilophodon foxii,Polynomial,7000,bip,,,55
Ornithischia,Iguanodon bernisartensis,Physical,5400000,quad,827.5,337.5,490
Ornithischia,Iguanodon bernisartensis,Physical,5000000,quad,827.5,337.5,490
Ornithischia,Iguanodon bernisartensis,Physical,4514000,quad,827.5,337.5,490
Ornithischia,Iguanodon bernisartensis,Photogrammetry,8400000,quad,827.5,337.5,490
Ornithischia,Iguanodon bernisartensis,Slicing,3790000,quad,827.5,337.5,490
Ornithischia,Iguanodon bernisartensis,Slicing,2559000,quad,827.5,337.5,490
Ornithischia,Iguanodon bernisartensis,Physical,3200000,quad,827.5,337.5,490
Ornithischia,Iguanodon bernisartensis,Polynomial,3775700,quad,827.5,337.5,490
Ornithischia,Lambeosaurus lambei,Slicing,1804000,quad,592.5,225,367.5
Ornithischia,Lambeosaurus lambei,Slicing,2372000,quad,592.5,225,367.5
Ornithischia,Lambeosaurus lambei,Physical,2430000,quad,592.5,225,367.5
Ornithischia,Maiasaura peeblesorum,Physical,2250000,quad,615,205,410
Ornithischia,Mantellisaurus atherfieldensis,Physical,1100000,quad,437,167,270
Ornithischia,Olorotitan arharensis,Physical,3100000,quad,643,248,395
Ornithischia,Parasaurolophus walkeri,Physical,2600000,quad,680,260,420
Ornithischia,Parasaurolophus walkeri,Polynomial,5056800,quad,680,260,420
Ornithischia,Parksosaurus warreni,Physical,43000,bip,,,103
Ornithischia,Prosaurolophus maximus,Physical,2000000,quad,580,225,355
Ornithischia,Saurolophus osborni,Physical,2970000,quad,764,255,509
Ornithischia,Shantugosaurus giganteus,Polynomial,22467100,quad,1084,404,680
Ornithischia,Tenontosaurus tilletti,Physical,597000,quad,386.5,159,227.5
Ornithischia,Tenontosaurus tilletti,Polynomial,242900,quad,386.5,159,227.5
Ornithischia,Thescelosaurus neglectus,Physical,86000,quad,215.7,70.7,145
Ornithischia,Thescelosaurus neglectus,Polynomial,7900,quad,215.7,70.7,145
Ornithischia,Gigantspinosaurus sichuanensis,Physical,680000,quad,513,235,278
Ornithischia,Kentrosaurus aethiopicus,Physical,670000,quad,449,207,242
Ornithischia,Kentrosaurus aethiopicus,Polynomial,321100,quad,449,207,242
Ornithischia,Scelidosaurus harrisonii,Physical,250000,bip,,,174
Ornithischia,Stegosaurus ungulatus,Physical,3830000,quad,745,355,390
Sauropodomorpha,Brachiosaurus altithorax,Physical,35000000,quad,1613,737,876
Sauropodomorpha,Brachiosaurus altithorax,Polynomial,28264600,quad,1613,737,876
Sauropodomorpha,Giraffatitan brancai,Physical,46600000,quad,1384,654,730
Sauropodomorpha,Giraffatitan brancai,MCH,19716770,quad,1384,654,730
Sauropodomorpha,Giraffatitan brancai,MCH,24975070,quad,1384,654,730
Sauropodomorpha,Giraffatitan brancai,MCH,34830840,quad,1384,654,730
Sauropodomorpha,Giraffatitan brancai,Physical,63000000,quad,1385,654,731
Sauropodomorpha,Giraffatitan brancai,Physical,37400000,quad,1384,654,730
Sauropodomorpha,Giraffatitan brancai,Photogrammetry,74420000,quad,1384,654,730
Sauropodomorpha,Giraffatitan brancai,Scan,38000000,quad,1384,654,730
Sauropodomorpha,Giraffatitan brancai,Slicing,25789000,quad,1384,654,730
Sauropodomorpha,Giraffatitan brancai,Slicing,25922000,quad,1384,654,730
Sauropodomorpha,Giraffatitan brancai,Physical,32000000,quad,1384,654,730
Sauropodomorpha,Giraffatitan brancai,Physical,25000000,quad,1384,654,730
Sauropodomorpha,Giraffatitan brancai,Physical,39500000,quad,1384,654,730
Sauropodomorpha,Giraffatitan brancai,Physical,31500000,quad,1384,654,730
Sauropodomorpha,Giraffatitan brancai,MCH,23200000,quad,1384,654,730
Sauropodomorpha,Amargasaurus cazaui,MCH,2803600,quad,884,362.5,521.5
Sauropodomorpha,Amargasaurus cazaui,MCH,3487030,quad,884,362.5,521.5
Sauropodomorpha,Amargasaurus cazaui,MCH,4931920,quad,884,362.5,521.5
Sauropodomorpha,Amargasaurus cazaui,Physical,2600000,quad,884,362.5,521.5
Sauropodomorpha,Amargasaurus cazaui,Physical,3800000,quad,884,362.5,521.5
Sauropodomorpha,Amargasaurus cazaui,Polynomial,6852900,quad,884,362.5,521.5
Sauropodomorpha,Apatosaurus louisae,MCH,21473151,quad,1480,640,840
Sauropodomorpha,Apatosaurus louisae,MCH,27033500,quad,1480,640,840
Sauropodomorpha,Apatosaurus louisae,MCH,38078331,quad,1480,640,840
Sauropodomorpha,Apatosaurus louisae,Physical,19500000,quad,1480,640,840
Sauropodomorpha,Apatosaurus louisae,Slicing,17273000,quad,1480,640,840
Sauropodomorpha,Apatosaurus louisae,Slicing,16381000,quad,1480,640,840
Sauropodomorpha,Apatosaurus louisae,Physical,20600000,quad,1480,640,840
Sauropodomorpha,Apatosaurus louisae,Physical,17500000,quad,1480,640,840
Sauropodomorpha,Apatosaurus louisae,Polynomial,22407200,quad,1480,640,840
Sauropodomorpha,Barosaurus lentus,MCH,14491100,quad,989,443,546
Sauropodomorpha,Barosaurus lentus,MCH,17951430,quad,989,443,546
Sauropodomorpha,Barosaurus lentus,MCH,26075980,quad,989,443,546
Sauropodomorpha,Barosaurus lentus,Physical,11600000,quad,989,443,546
Sauropodomorpha,Barosaurus lentus,Polynomial,20039500,quad,989,443,546
Sauropodomorpha,Brontosaurus excelsius,Physical,19100000,quad,1310,580,730
Sauropodomorpha,Dicraeosaurus hansemanni,Physical,5400000,quad,851.5,340,511.5
Sauropodomorpha,Dicraeosaurus hansemanni,Photogrammetry,12800000,quad,851.5,340,511.5
Sauropodomorpha,Dicraeosaurus hansemanni,Slicing,4349000,quad,851.5,340,511.5
Sauropodomorpha,Dicraeosaurus hansemanni,Physical,5700000,quad,851.5,340,511.5
Sauropodomorpha,Dicraeosaurus hansemanni,Physical,5000000,quad,851.5,340,511.5
Sauropodomorpha,Dicraeosaurus hansemanni,Polynomial,4421500,quad,851.5,340,511.5
Sauropodomorpha,Dicraeosaurus sp.,MCH,4375100,quad,851.5,340,511.5
Sauropodomorpha,Dicraeosaurus sp.,MCH,5298560,quad,851.5,340,511.5
Sauropodomorpha,Dicraeosaurus sp.,MCH,9478220,quad,851.5,340,511.5
Sauropodomorpha,Diplodocus carnegiei,Slicing,11449000,quad,989,443,546
Sauropodomorpha,Jobaria tiguidensis,MCH,11320990,quad,991.5,411.5,580
Sauropodomorpha,Jobaria tiguidensis,MCH,14045050,quad,991.5,411.5,580
Sauropodomorpha,Jobaria tiguidensis,MCH,19809630,quad,991.5,411.5,580
Sauropodomorpha,Jobaria tiguidensis,Slicing,22448000,quad,991.5,411.5,580
Sauropodomorpha,Jobaria tiguidensis,Physical,16300000,quad,991.5,411.5,580
Sauropodomorpha,Camarasaurus lentus,Slicing,12177000,quad,1170,498,672
Sauropodomorpha,Camarasaurus lentus,Slicing,12262000,quad,1170,498,672
Sauropodomorpha,Camarasaurus lentus,Physical,14200000,quad,1170,498,672
Sauropodomorpha,Euhelopus zdanskyi,Physical,3800000,quad,733,358,375
Sauropodomorpha,Sauroposeidon proteles,MCH,9021650,quad,960,451,509
Sauropodomorpha,Sauroposeidon proteles,MCH,11520320,quad,960,451,509
Sauropodomorpha,Sauroposeidon proteles,MCH,16611960,quad,960,451,509
Sauropodomorpha,Anchisaurus sinensis,Physical,20000,bip,,,70
Sauropodomorpha,Eoraptor lunensis,Physical,1900,bip,,,62
Sauropodomorpha,Eoraptor lunensis,Polynomial,2700,bip,,,62
Sauropodomorpha,Massospondylus carinatus,Physical,93000,bip,,,135
Sauropodomorpha,Massospondylus carinatus,Polynomial,136700,bip,,,135
Sauropodomorpha,Plateosaurus longiceps,Slicing,279000,bip,,139.5,236.5
Sauropodomorpha,Plateosaurus longiceps,Physical,440000,bip,,139.5,236.5
Sauropodomorpha,Riojasaurus incertus,Physical,500000,bip,,229,285
Sauropodomorpha,Riojasaurus incertus,Physical,820000,bip,,229,285
Sauropodomorpha,Alamosaurus sanjuanensis,Physical,16300000,quad,1401,661,740
Sauropodomorpha,Dreadnoughtus schrani,MCH,21896690,quad,1695,785,910
Sauropodomorpha,Dreadnoughtus schrani,MCH,27520390,quad,1695,785,910
Sauropodomorpha,Dreadnoughtus schrani,MCH,38003290,quad,1695,785,910
Sauropodomorpha,Dreadnoughtus schrani,Physical,31000000,quad,1695,785,910
Sauropodomorpha,Futalognkosaurus dukei ,Physical,29000000,quad,1443,643,800
Sauropodomorpha,Futalognkosaurus dukei dukei ,Physical,50000000,quad,1443,643,800
Sauropodomorpha,Opisthocoelicaudia skarzynskii,Physical,8400000,quad,1227,542,685
Sauropodomorpha,Opisthocoelicaudia skarzynskii,Polynomial,10522200,quad,1227,542,685
Sauropodomorpha,Patagotitan mayorum,Physical,52000000,quad,1792,782,1010
Sauropodomorpha,Rapetosaurus krausei,MCH,848720,quad,460,215,245
Sauropodomorpha,Rapetosaurus krausei,MCH,1065420,quad,460,215,245
Sauropodomorpha,Rapetosaurus krausei,MCH,1489400,quad,460,215,245
Sauropodomorpha,Rapetosaurus krausei,Physical,800000,quad,460,215,245
Theropoda,Allosaurus fragilis,Scan,1500910,bip,,,274.5
Theropoda,Allosaurus fragilis,Scan,1307690,bip,,,274.5
Theropoda,Allosaurus fragilis,Scan,1705970,bip,,,274.5
Theropoda,Allosaurus fragilis,Scan,1831300,bip,,,274.5
Theropoda,Allosaurus fragilis,Scan,1976850,bip,,,274.5
Theropoda,Allosaurus fragilis,Scan,1564440,bip,,,274.5
Theropoda,Allosaurus fragilis,Scan,1412340,bip,,,274.5
Theropoda,Allosaurus fragilis,Scan,1537730,bip,,,274.5
Theropoda,Sinraptor dongi,Slicing,1154000,bip,,,283
Theropoda,Sinraptor dongi,Physical,1340000,bip,,,283
Theropoda,Sinraptor dongi,Polynomial,1009000,bip,,,283
Theropoda,Acrocanthosaurus atokensis,Scan,6177040,bip,,,426
Theropoda,Acrocanthosaurus atokensis,Scan,7750610,bip,,,426
Theropoda,Acrocanthosaurus atokensis,Scan,7026640,bip,,,426
Theropoda,Acrocanthosaurus atokensis,Scan,5569560,bip,,,426
Theropoda,Acrocanthosaurus atokensis,Slicing,5672000,bip,,,426
Theropoda,Acrocanthosaurus atokensis,Physical,4400000,bip,,,426
Theropoda,Acrocanthosaurus atokensis,Slicing,5474100,bip,,,426
Theropoda,Acrocanthosaurus atokensis,Slicing,6560000,bip,,,426
Theropoda,Giganotosaurus carolinii,Physical,6850000,bip,,,515
Theropoda,Giganotosaurus carolinii,Polynomial,6594800,bip,,,515
Theropoda,Giganotosaurus carolinii,Slicing,6907600,bip,,,515
Theropoda,Carnotosaurus sastrei,GDI,1500000,bip,,,325
Theropoda,Carnotosaurus sastrei,Physical,2070000,bip,,,325
Theropoda,Ceratosaurus nasicornis,Slicing,647500,bip,,,267
Theropoda,Ceratosaurus nasicornis,Physical,524000,bip,,,267
Theropoda,Ceratosaurus nasicornis,Polynomial,418400,bip,,,267
Theropoda,Ceratosaurus nasicornis,Slicing,678260,bip,,,267
Theropoda,Deltadromeus agilis,Polynomial,1048900,bip,,,191
Theropoda,Elaphrosaurus bambergi,Physical,245000,bip,,,167
Theropoda,Coelophysis bauri,Slicing,12140,bip,,,49
Theropoda,Coelophysis bauri,Slicing,10300,bip,,,49
Theropoda,Coelophysis bauri,Physical,15300,bip,,,49
Theropoda,Coelophysis bauri,Physical,13500,bip,,,49
Theropoda,Coelophysis bauri,Polynomial,16000,bip,,,49
Theropoda,Coelophysis rhodesiensis,Physical,13000,bip,,,56
Theropoda,Coelophysis rhodesiensis,Physical,11600,bip,,,56
Theropoda,Coelophysis rhodesiensis,Polynomial,13800,bip,,,56
Theropoda,Dilophosaurus wetherilli,Scan,625000,bip,,,173
Theropoda,Dilophosaurus wetherilli,Scan,298000,bip,,,173
Theropoda,Dilophosaurus wetherilli,Scan,462000,bip,,,173
Theropoda,Dilophosaurus wetherilli,Physical,325000,bip,,,173
Theropoda,Dilophosaurus wetherilli,Slicing,355200,bip,,,173
Theropoda,Dilophosaurus wetherilli,Physical,283000,bip,,,173
Theropoda,Dilophosaurus wetherilli,Slicing,372070,bip,,,173
Theropoda,Liliensternus liliensterni,Physical,127000,bip,,,110
Theropoda,Ornitholestes hermanni,Physical,12600,bip,,,71
Theropoda,Ornitholestes hermanni,Polynomial,13500,bip,,,71
Theropoda,Anserimimus planinychus,Physical,170000,bip,,,145
Theropoda,Avimimus portentosus,Physical,14000,bip,,,52.8
Theropoda,Avimimus portentosus,Physical,14000,bip,,,52.8
Theropoda,Avimimus portentosus,Polynomial,21400,bip,,,52.8
Theropoda,Gallimimus bullatus,Physical,490000,bip,,,216
Theropoda,Gallimimus bullatus,Physical,440000,bip,,,216
Theropoda,Gallimimus bullatus,Polynomial,585700,bip,,,216
Theropoda,Nothronychus graffami,Physical,850000,bip,,,289
Theropoda,Ornithomimus edmontonensis,Physical,155000,bip,,,110
Theropoda,Ornithomimus edmontonensis,Physical,110000,bip,,,110
Theropoda,Saurornitholestes langstoni,Physical,22500,bip,,,63
Theropoda,Sinornithoides youngi,Polynomial,2200,bip,,,34.6
Theropoda,Struthiomimus altus,Physical,175000,bip,,,136
Theropoda,Struthiomimus altus,Slicing,201000,bip,,,136
Theropoda,Struthiomimus altus,Physical,153000,bip,,,136
Theropoda,Afrovenator abakensis,Polynomial,826600,bip,,,275
Theropoda,Eustreptospondylus oxoniensis,Physical,218000,bip,,,188
Theropoda,Eustreptospondylus oxoniensis,Slicing,206260,bip,,,188
Theropoda,Piatnitzkysaurus floresi,GDI,450000,bip,,,245
Theropoda,Piatnitzkysaurus floresi,Physical,275000,bip,,,245
Theropoda,Suchomimus tenerensis,Physical,2500000,bip,,,408
Theropoda,Suchomimus tenerensis,Polynomial,3816100,bip,,,408
Theropoda,Herrerasaurus ischigualastensis,Physical,210000,bip,,,165.5
Theropoda,Herrerasaurus ischigualastensis,Physical,124000,bip,,,165.5
Theropoda,Staurikosaurus pricei,Scan,21300,bip,,,69
Theropoda,Staurikosaurus pricei,Scan,28300,bip,,,69
Theropoda,Staurikosaurus pricei,Scan,14200,bip,,,69
Theropoda,Staurikosaurus pricei,MCH,13065,bip,,,69
Theropoda,Staurikosaurus pricei,MCH,15966,bip,,,69
Theropoda,Staurikosaurus pricei,MCH,23287,bip,,,69
Theropoda,Staurikosaurus pricei,Physical,12000,bip,,,69
Theropoda,Albertosaurus sarcophagus,Physical,1170000,bip,,,316.5
Theropoda,Albertosaurus sarcophagus,Physical,2500000,bip,,,350
Theropoda,Daspletosaurus torosus,Physical,2700000,bip,,,390
Theropoda,Daspletosaurus torosus,Slicing,3844000,bip,,,390
Theropoda,Daspletosaurus torosus,Physical,2300000,bip,,,390
Theropoda,Dryptosaurus aquilunguis,Physical,1170000,bip,,,276
Theropoda,Dryptosaurus aquilunguis,Physical,1500000,bip,,,276
Theropoda,Gorgosaurus libratus,Physical,1685000,bip,,,317
Theropoda,Gorgosaurus libratus,Physical,1170000,bip,,,317
Theropoda,Gorgosaurus libratus,Slicing,2795000,bip,,,357
Theropoda,Gorgosaurus libratus,Physical,2500000,bip,,,357
Theropoda,Gorgosaurus libratus,Polynomial,2465000,bip,,,357
Theropoda,Gorgosaurus libratus,Slicing,2427300,bip,,,357
Theropoda,Tyrannosaurus rex,Physical,7400000,bip,,,534
Theropoda,Tyrannosaurus rex,Scan,14000000,bip,,,534
Theropoda,Tyrannosaurus rex,Scan,7500000,bip,,,534
Theropoda,Tyrannosaurus rex,Scan,10800000,bip,,,534
Theropoda,Tyrannosaurus rex,Scan,7654710,bip,,,505
Theropoda,Tyrannosaurus rex,Scan,9940430,bip,,,505
Theropoda,Tyrannosaurus rex,Scan,8899450,bip,,,505
Theropoda,Tyrannosaurus rex,Scan,6904670,bip,,,505
Theropoda,Tyrannosaurus rex,Scan,6071820,bip,,,520
Theropoda,Tyrannosaurus rex,Scan,7699530,bip,,,520
Theropoda,Tyrannosaurus rex,Scan,6956060,bip,,,520
Theropoda,Tyrannosaurus rex,Scan,5579700,bip,,,520
Theropoda,Tyrannosaurus rex,Physical,6325000,bip,,,520
Theropoda,Tyrannosaurus rex,Physical,5376000,bip,,,520
Theropoda,Tyrannosaurus rex,Slicing,10200000,bip,,,579
Theropoda,Tyrannosaurus rex,Slicing,7908000,bip,,,534
Theropoda,Tyrannosaurus rex,Slicing,7224000,bip,,,520
Theropoda,Tyrannosaurus rex,Slicing,8033000,bip,,,534
Theropoda,Tyrannosaurus rex,Scan,5450000,bip,,,520
Theropoda,Tyrannosaurus rex,Scan,5074000,bip,,,520
Theropoda,Tyrannosaurus rex,Scan,8405000,bip,,,520
Theropoda,Tyrannosaurus rex,Scan,6583000,bip,,,520
Theropoda,Tyrannosaurus rex,Scan,8385000,bip,,,505
Theropoda,Tyrannosaurus rex,Scan,5934000,bip,,,505
Theropoda,Tyrannosaurus rex,Scan,10837000,bip,,,505
Theropoda,Tyrannosaurus rex,Scan,954000,bip,,,250
Theropoda,Tyrannosaurus rex,Scan,639000,bip,,,250
Theropoda,Tyrannosaurus rex,Scan,1269000,bip,,,250
Theropoda,Tyrannosaurus rex,Scan,9081000,bip,,,534
Theropoda,Tyrannosaurus rex,Scan,7394000,bip,,,534
Theropoda,Tyrannosaurus rex,Scan,14564000,bip,,,534
Theropoda,Tyrannosaurus rex,Scan,13996000,bip,,,579
Theropoda,Tyrannosaurus rex,Scan,9502000,bip,,,579
Theropoda,Tyrannosaurus rex,Scan,18489000,bip,,,579
Theropoda,Tyrannosaurus rex,Scan,8272000,bip,,,520
Theropoda,Tyrannosaurus rex,Scan,5777000,bip,,,520
Theropoda,Tyrannosaurus rex,Scan,10768000,bip,,,520
Theropoda,Tyrannosaurus rex,Physical,5670000,bip,,,534
Theropoda,Tyrannosaurus rex,Physical,5355000,bip,,,520
Theropoda,Tyrannosaurus rex,Physical,5622000,bip,,,505
Theropoda,Tyrannosaurus rex,Physical,6140000,bip,,,579
Theropoda,Tyrannosaurus rex,Polynomial,6650900,bip,,,534
Theropoda,Tyrannosaurus rex,MCH,6957836,bip,,,505
Theropoda,Tyrannosaurus rex,MCH,7455156,bip,,,505
Theropoda,Tyrannosaurus rex,MCH,7206496,bip,,,505
Theropoda,Tyrannosaurus rex,Slicing,9130870,bip,,,579
Theropoda,Tyrannosaurus rex,Slicing,9657000,bip,,,579
Theropoda,Tyrannosaurus rex,Slicing,6986600,bip,,,534
Theropoda,Tyrannosaurus rex,Slicing,7458000,bip,,,534
Theropoda,Tyrannosaurus rex,Slicing,660230,bip,,,250
